{
 "SADDLES INDIA QL": {
  "SADE - 001": {
   "Readings": [
    [
     24.4, 
     -0.3,
     -1.2,
     1.2,
     253.3
    ],
    [
     24.6,
     -0.3,
     -0.9,
     1.0,
     252
    ],
    [
     24.3,
     -0.2,
     -1.1,
     1.1,
     257.7
    ],
    [
     24.2,
     -0.3,
     -1.1,
     1.2,
     253.6
    ]
   ],
   "color": {
    "hex": "#383A3B",
    "labch": [
     24.375,
     -0.275,
     -1.0750000000000002,
     1.125,
     254.15
    ],
    "rgb": [
     0.036532086492385915,
     0.0386201620751917,
     0.04067679507079219
    ],
    "rgb2": [
     0.22216222530577898,
     0.22784671375071872,
     0.23328395853506104
    ]
   }
  },
  "SADE - 002": {
   "Readings": [
    [
     30.4,
     -0.8,
     -0.1,
     0.8,
     191
    ],
    [
     29.9,
     -0.7,
     -0.2,
     0.7,
     194
    ],
    [
     30.2,
     -0.6,
     -0.2,
     0.6,
     199.7
    ],
    [
     30.3,
     -0.6,
     -0.2,
     0.6,
     194.6
    ]
   ],
   "color": {
    "hex": "#454747",
    "labch": [
     30.2,
     -0.675,
     -0.175,
     0.675,
     194.82500000000002
    ],
    "rgb": [
     0.05794224314314725,
     0.06083628466069813,
     0.06065842201114925
    ],
    "rgb2": [
     0.2739839599177236,
     0.28012164899419323,
     0.27974909198565384
    ]
   }
  },
  "SADE - 003": {
   "Readings": [
    [
     29.4,
     4.4,
     3.7,
     5.8,
     39.9
    ],
    [
     29.2,
     4.5,
     3.8,
     5.9,
     40.5
    ],
    [
     29.1,
     4.6,
     3.8,
     6.0,
     40.2
    ],
    [
     29.4,
     4.4,
     3.8,
     5.8,
     41.3
    ]
   ],
   "color": {
    "hex": "#4E423F",
    "labch": [
     29.275,
     4.475,
     3.7750000000000004,
     5.875,
     40.475
    ],
    "rgb": [
     0.07449212274244532,
     0.05191154629315598,
     0.04662819489619341
    ],
    "rgb2": [
     0.30713045734172856,
     0.26063280329094635,
     0.24822200204844713
    ]
   }
  },
  "SADE - 004": {
   "Readings": [
    [
     32.8,
     28,
     12.9,
     30.8,
     24.8
    ],
    [
     32.6,
     28.1,
     12.9,
     30.9,
     24.7
    ],
    [
     32,
     28.5,
     13.3,
     31.5,
     24.9
    ],
    [
     32.6,
     28.3,
     13.1,
     31.1,
     24.9
    ]
   ],
   "color": {
    "hex": "#793839",
    "labch": [
     32.5,
     28.224999999999998,
     13.05,
     31.075000000000003,
     24.825000000000003
    ],
    "rgb": [
     0.1957553947206681,
     0.036786611142673384,
     0.037438432976984154
    ],
    "rgb2": [
     0.4764877059603313,
     0.22286445608423583,
     0.22465083050493814
    ]
   }
  },
  "SADE - 005": {
   "Readings": [
    [
     35.6,
     29.9,
     15.8,
     33.8,
     27.9
    ],
    [
     35.6,
     29.8,
     15.8,
     33.7,
     27.9
    ],
    [
     35.2,
     29.5,
     15.7,
     33.5,
     28.1
    ],
    [
     35.5,
     29.3,
     15.6,
     33.2,
     28
    ]
   ],
   "color": {
    "hex": "#843E3B",
    "labch": [
     35.475,
     29.625,
     15.725,
     33.55,
     27.975
    ],
    "rgb": [
     0.23542558592454085,
     0.045315916598899886,
     0.04117511505300164
    ],
    "rgb2": [
     0.518177959322827,
     0.2450218953093129,
     0.2345786892001682
    ]
   }
  },
  "SADE - 006": {
   "Readings": [
    [
     32.4,
     17.2,
     6.1,
     18.2,
     19.4
    ],
    [
     32.2,
     17.2,
     6,
     18.2,
     19.1
    ],
    [
     32.3,
     17,
     6.1,
     18.0,
     19.7
    ],
    [
     32.1,
     17.3,
     6.1,
     18.3,
     19.6
    ]
   ],
   "color": {
    "hex": "#684143",
    "labch": [
     32.25,
     17.175,
     6.074999999999999,
     18.175,
     19.450000000000003
    ],
    "rgb": [
     0.14003936475757203,
     0.050118795462853596,
     0.05286707739891159
    ],
    "rgb2": [
     0.40919646968583323,
     0.25650225829543116,
     0.26280261534464433
    ]
   }
  },
  "SADE - 007": {
   "Readings": [
    [
     58.5,
     5.6,
     14.8,
     15.8,
     69.3
    ],
    [
     58.5,
     5.4,
     14.8,
     15.7,
     69.8
    ],
    [
     58.5,
     5.4,
     14.9,
     15.8,
     69.9
    ],
    [
     58.4,
     5.5,
     14.8,
     15.8,
     69.7
    ]
   ],
   "color": {
    "hex": "#9F8873",
    "labch": [
     58.475,
     5.475,
     14.825,
     15.774999999999999,
     69.675
    ],
    "rgb": [
     0.35839405195174495,
     0.252995965171186,
     0.1736396975964097
    ],
    "rgb2": [
     0.6272443011980378,
     0.5354118731253452,
     0.4512174829541524
    ]
   }
  },
  "SADE - 008": {
   "Readings": [
    [
     73,
     0.9,
     7.8,
     7.8,
     83.6
    ],
    [
     73.1,
     0.9,
     7.7,
     7.7,
     83.6
    ],
    [
     73.1,
     0.8,
     7.7,
     7.7,
     83.9
    ],
    [
     73,
     0.9,
     7.7,
     7.7,
     83.5
    ]
   ],
   "color": {
    "hex": "#BBB2A5",
    "labch": [
     73.05,
     0.875,
     7.725,
     7.725,
     83.65
    ],
    "rgb": [
     0.5054808099193123,
     0.45495926722025204,
     0.38554407700530285
    ],
    "rgb2": [
     0.7333652135106655,
     0.6990897936561467,
     0.6484131805700635
    ]
   }
  },
  "SADE - 009": {
   "Readings": [
    [
     60.5,
     3.9,
     16.7,
     17.2,
     76.8
    ],
    [
     60.3,
     3.9,
     16.7,
     17.2,
     76.7
    ],
    [
     60.4,
     4,
     16.8,
     17.3,
     76.7
    ],
    [
     60.4,
     4.1,
     16.9,
     17.4,
     76.5
    ]
   ],
   "color": {
    "hex": "#A38E74",
    "labch": [
     60.4,
     3.975,
     16.775,
     17.275,
     76.675
    ],
    "rgb": [
     0.37747465120544016,
     0.2771020064165027,
     0.17797664384433423
    ],
    "rgb2": [
     0.6422088251866025,
     0.5580259501776232,
     0.4563057221727434
    ]
   }
  },
  "SADE - 010": {
   "Readings": [
    [
     69.2,
     2.7,
     13.7,
     14,
     79
    ],
    [
     69.1,
     2.7,
     13.7,
     13.9,
     78.7
    ],
    [
     69.1,
     2.7,
     13.7,
     13.9,
     79
    ],
    [
     69.2,
     2.7,
     13.7,
     14.0,
     78.9
    ]
   ],
   "color": {
    "hex": "#B7A690",
    "labch": [
     69.15,
     2.7,
     13.7,
     13.95,
     78.9
    ],
    "rgb": [
     0.4856395324049417,
     0.3905412316567528,
     0.28564312225232574
    ],
    "rgb2": [
     0.7201375705119786,
     0.6522198941619795,
     0.5657794496470212
    ]
   }
  },
  "SADE - 011": {
   "Readings": [
    [
     69.2,
     3.3,
     14.9,
     15.3,
     77.6
    ],
    [
     69.2,
     3.2,
     14.9,
     15.2,
     77.7
    ],
    [
     69.2,
     3.2,
     15,
     15.3,
     77.9
    ],
    [
     69.2,
     3.2,
     14.9,
     15.2,
     77.7
    ]
   ],
   "color": {
    "hex": "#B9A68E",
    "labch": [
     69.2,
     3.2249999999999996,
     14.924999999999999,
     15.25,
     77.72500000000001
    ],
    "rgb": [
     0.4963145167845059,
     0.38920415101553507,
     0.27681846703928836
    ],
    "rgb2": [
     0.7272901693540825,
     0.6512039540471231,
     0.557766337038766
    ]
   }
  },
  "SADE - 012": {
   "Readings": [
    [
     59.8,
     3.2,
     17.6,
     17.9,
     79.8
    ],
    [
     59.8,
     3.1,
     17.5,
     17.8,
     79.9
    ],
    [
     59.7,
     3.1,
     17.5,
     17.8,
     79.8
    ],
    [
     59.7,
     3.2,
     17.5,
     17.8,
     79.8
    ]
   ],
   "color": {
    "hex": "#A18D71",